category,text
Autre,Relevé notes Examens Épreuves Coefficients Notes Résultats Mention Jury
CV,Objectif Disponibilité C++ Recommandations Dynamique Portfolio Ingénieur
Lettre,Veuillez agréer Certificat Départ Reconnaissance Convier
Lettre,Démission Pour Plainte Excuses Monsieur Convier Objet Courrier Postule Veuillez agréer
CV,Portfolio Alternance Objectif Disponibilité Recommandations
Contrat,Différend Date NDA Terme Clause Honoraires Entreprise Engagements
Autre,Instructions Rapport Brochure Publication Fiche
Contrat,Litige Salaire Convention Fonction Employeur
CV,ans d'expérience Disponibilité Recommandations Développeur Esprit d'équipe
Autre,Certificat médical Arrêt de travail Prescription Ordonnance Diagnostic
Facture,Produits T.V.A FACTURE N° Tarif unitaire Espèces
Contrat,Terme Salarié CONTRAT CDD Signature Article Arbitrage Obligations Mission
CV,Chef cuisinier Expérience gastronomie Gestion cuisine Brigade Création menus CAP BEP
Autre,Calendrier Questionnaire Desserts Cuisine État Manuel
Lettre,Réclamation Certificat Monsieur Quitter Regrets
CV,CV Policier Sécurité publique Enquêtes Interventions Formation École Grades Missions
Autre,Fiche Prescription Compte rendu Attestation Caractéristiques Ingrédients
Facture,Paiement par émission Référence QTE Carte bancaire somme Produits Avoir EURO Destinataire
Contrat,Contrat licence logiciel Utilisateur Éditeur Droits usage Nombre postes Prix Support
CV,Java CURRICULUM VITAE Poste actuel Expérience de Portfolio Emplois Diplômes Ingénieur Aptitudes Stage
CV,Développeur Expériences Portfolio Compétences PHP
Lettre,Plaisir Destinataire Candidature Excuses Reconnaissance Recommandation Veuillez agréer Demande Contestation Lettre
CV,Alternance Langue maternelle Manager Années d'expérience Rigueur Parcours professionnel Diplômes CV
CV,Parcours académique Aptitudes Projets Langue maternelle Expérience professionnelle Disponibilité
Facture,FACTURE HONORAIRES Consultant Nombre de jours Tarif journalier Total HT TVA TTC
Lettre,Formule de politesse Cordialement Attestation Convier Avertissement Quitter Regrets
Contrat,Salarié Terme Accord Travail Période
Autre,Ingrédients Article Brochure Entrées Formulaire État Compte rendu Manuel
Contrat,Confidentialité Durée CONTRAT Mission Résiliation Montant
Facture,Facture réparation Diagnostic Pièces détachées Main d'oeuvre Garantie Total TTC
Autre,Manuel Entrées Ordonnance Prospectus Caractéristiques Calendrier Attestation Fiche Ingrédients Rapport
Contrat,Soussigné Durée Droits d'auteur Différend Montant
CV,Réalisations Esprit d'équipe Curriculum Vitae Poste actuel Chef de projet JavaScript Qualifications Projet professionnel Expérience de
Facture,Nombre Échéance TVA intracommunautaire Avoir Devis Chèque Tarif unitaire Articles INVOICE euros
CV,Électricien Installation Maintenance Normes sécurité Habilitations Chantiers Dépannage
Lettre,Lettre remerciement Entretien Opportunité Intérêt Société Profil Poste Disponibilité
Facture,Destinataire Mode de paiement SIREN Services facture Proforma Total HT Quantité
Lettre,Lettre rupture conventionnelle Accord mutuel Conditions Indemnités Départ Signature
CV,Projet professionnel Poste actuel PHP Consultant Ingénieur Langues parlées Expériences
Lettre,Souhaite Pour Monsieur Recommandation Concerne Veuillez agréer
Facture,Facture juridique Consultation avocat Rédaction actes Représentation Honoraires TTC
Facture,EUR Remboursement TVA applicable Services DATE SARL
Contrat,Litige Convention Disposition Droits d'auteur Entreprise Signataires Terme Terme Mission Date
Contrat,Différend CDD Délai Fin Article Date Salarié Convention Secret Échéance
Contrat,Contrat de location Bail d'habitation Loyer mensuel Charges Dépôt de garantie
Facture,Prix HT Montant dû Mode de paiement Entreprise À payer avant P.U Proforma T.V.A Avoir
Facture,Espèces EUR HT Date Facture numéro Numéro Mode de paiement Devis
Facture,Entreprise Paiement par Destinataire Crédit coût Échéance Carte bancaire Date €
CV,CV Traducteur Langues maîtrisées Spécialisations techniques Projets traduction Diplômes
Autre,Document divers Informations variées Contenu mixte Données générales
Facture,Échéance Nombre Chèque EUR Date d'émission
Contrat,CONTRAT INTERIM Mission temporaire Société travail temporaire Remplacement Durée
Facture,Date limite montant Proforma € TVA 20% Date d'émission
Autre,Preuve Prospectus Relevé Rapport Publication Cuisine
Lettre,Convier Concerne Correspondance Gratitude Excuses Avertissement
Lettre,Excuses Départ Recommandation Salutations Formule de politesse Candidature
Autre,Calendrier Compte rendu Attestation Entrées Fiche Cuisine Bulletin Fiche technique Catalogue
CV,Consultant Langue maternelle Expériences Disponibilité Recommandations Bachelor ans d'expérience Curriculum Vitae CDI Esprit d'équipe
Lettre,Contestation Gratitude Correspondance Respectueusement Invitation Certificat Concerne Pour Madame
Facture,À l'attention de Articles FACTURE N° Date d'émission taxe Échéance
Facture,euros Numéro À l'attention de prix EURL Prestations Date Paiement Règlement Avoir
Facture,TVA intracommunautaire Facture numéro Montant dû Référence Prestations HT DESTINATAIRE À payer avant
Autre,Prescription Rapport Entrées Post Fiche technique Relevé
Facture,Prix unitaire Quantité Destinataire Crédit EUR
Autre,BULLETIN NOTES Élève Classe Matières Moyennes Appréciations Trimestre Observations
CV,Journaliste Rédaction Articles Investigation Interviews Presse écrite Web Diplôme
Lettre,"Gratitude Lettre Motivation Souhaite Démission Désolé Avertissement Madame, Monsieur Objet"
Contrat,CDI Responsabilités Accord Confidentialité Rupture
Lettre,Salutations Madame Reconnaissance Sollicite Formule de politesse Désolé Démission
Facture,taxe SIRET Quantité Paiement À l'attention de Ref
Autre,Planning Menu Preuve Manuel Prescription Catalogue Bilan Formulaire
CV,Langues Recommandations CURRICULUM VITAE Objectif Manager Licence
Contrat,CDD Contrat à durée déterminée Motif du recours Période d'essai Avantages sociaux
Facture,Tarif unitaire Règlement Référence DATE Produits SIRET Date limite
Autre,Préparation Plats Planning Rapport Attestation
Autre,Spécifications Ingrédients Mode d'emploi Justificatif Questionnaire État Publication Brochure Rapport
Lettre,Désolé Recommandation Veuillez agréer Respectueusement Avertissement Destinataire
Contrat,Signature Travail Délai Entreprise Durée Rémunération CDI Soussigné Arbitrage Disposition
Lettre,"Correspondance Regrets Référence Réclamation Madame, Monsieur Reconnaissance Bien à vous Formule de politesse À l'attention de Démission"
Lettre,Madame Plaisir Demande Concerne Plainte Cordialement Candidature Pour Mise en demeure Désolé
Lettre,Pour Plaisir Motivation Respectueusement Courrier
Contrat,Propriété intellectuelle Terme Société CONTRAT Salaire Fonction Entre Contrat à durée indéterminée Terme
Contrat,Confidentialité Obligations Arbitrage Employeur Date CDI
Autre,Carte Fiche Post Horaires Analyse Caractéristiques Prescription Brochure Preuve Recette
Autre,Calendrier Rapport Formulaire Certificat médical Relevé
Facture,Articles Numéro TVA applicable Note de crédit FACTURE N° € hors taxe DATE Échéance Paiement par
Contrat,Différend Soussigné Non-divulgation Entreprise Disposition Période Fin Responsabilités
Contrat,Échéance Propriété intellectuelle Soussigné Mission Notice Secret Contrat à durée indéterminée
Autre,Rapport technique Analyse Résultats Graphiques Tableau de données
Contrat,Durée Signataires Juridiction Contrat à durée déterminée Salaire Résiliation Fait à Salarié Convention
Autre,Blog Catalogue Notice État Formulaire Recette Analyse Calendrier Attestation
Facture,SIRET Qté Carte bancaire Devis À l'attention de TVA applicable À payer avant
CV,Projets CDI Emplois Autonomie Langue maternelle JavaScript
Contrat,Convention Mission Fin Signataires Notice Clause Échéance Devoirs
Facture,EUR Date limite Date Destinataire Crédit
Lettre,"Recommandation Contestation Veuillez agréer À l'attention de Demande Objet Lettre Madame, Monsieur Avertissement Invitation"
CV,CV Aide-soignant Soins confort Hygiène Accompagnement personnes âgées Diplôme Empathie
Contrat,Non-divulgation Parties CDD Échéance Clause Rupture Délai Signature Propriété intellectuelle Arbitrage
CV,Curriculum vitae détaillé Objectif professionnel Formations diplômantes Compétences acquises
Autre,Catalogue Attestation Certificat médical Caractéristiques Blog Compte rendu Horaires Bulletin
Lettre,"Reconnaissance Pour Plainte Madame, Monsieur Excuses Correspondance Candidature Démission"
Contrat,Fonction Contrat Droits d'auteur Rémunération Délai Parties
Contrat,Contrat Salarié Contrat à durée indéterminée Travail Propriété intellectuelle Confidentialité Signataires Clause Délai Durée
Facture,TVA applicable Services Avoir Carte bancaire facture Proforma REF
Facture,DESTINATAIRE Espèces À payer avant TVA applicable Date d'émission Proforma Règlement FACTURE
Lettre,Respectueusement Concerne Sommation Invitation Souhaite Motivation Madame Remerciements
Lettre,Objet Veuillez agréer Certificat Quitter Sommation Motivation À l'attention de
Facture,taxe Carte bancaire Facture numéro Client Paiement par
Facture,euros T.V.A Ref Prix unitaire Quantité FACTURE N° hors taxe EURL
Facture,Date limite montant P.U Modalités DESTINATAIRE Crédit EURO Produits SIRET SAS
Facture,Remboursement Échéance Prix HT Qté somme SIRET Société
Autre,Calendrier Relevé Attestation Desserts Bilan Blog Fiche
Contrat,CONTRAT TELEPHONE Mobile Opérateur Forfait Engagements Options Tarifs Résiliation
Contrat,Employeur Rémunération Convention Délai Échéance Entre NDA
CV,Licence Aptitudes Manager Portfolio Expérience de Expérience professionnelle CURRICULUM VITAE Python Rigueur
Lettre,Lettre Respectueusement À l'attention de Objet Candidature Remerciements Attestation Convier Départ
Contrat,Soussigné Juridiction Engagements Convention Article Période Confidentialité Délai Lu et approuvé
Autre,Certificat médical Recette Brochure Desserts Publication Instructions Bulletin Questionnaire Spécifications
Facture,Numéro Quantité TVA 20% Total TTC Tarif unitaire SIREN Date
Contrat,Durée Date Accord Obligations Différend Poste
CV,CV Infirmier Diplôme d'État Soins patients Services hospitaliers Urgences Expertise
CV,Parcours professionnel Objectif CDI Licence Qualifications
Autre,Recette Article Fiche technique Rapport Prescription Justificatif
Contrat,Signataires Clause Notice Non-divulgation Propriété intellectuelle CDI Devoirs Échéance Terme
Lettre,Départ Recommandation Contestation Sollicite Convier Formule de politesse Madame À l'attention de
Lettre,"Demande Lettre Bien à vous Madame, Monsieur Gratitude Mise en demeure Recommandation"
CV,Références Java Alternance Consultant Compétences ans d'expérience Objectif
CV,CV Mécanicien Automobile Diagnostic Réparation Entretien Diplôme CAP Expérience garage
CV,Doctorat Alternance Compétences Ingénieur Recommandations Poste recherché Études CV
Contrat,Période Honoraires Secret Stipulation Litige Fait à Propriété intellectuelle Fin Préavis
Autre,Prospectus Certificat médical Relevé Formulaire Horaires Notice
Lettre,Invitation Destinataire Réclamation Formule de politesse Monsieur Quitter Motivation
CV,Qualifications Poste actuel Objectif Contacts ans d'expérience Master CURRICULUM VITAE Parcours professionnel Portfolio CDD
Facture,Bon de commande Quantité Modalités DATE Hors taxes Services Facture numéro EURL Date limite
Contrat,Contrat architecte Maître ouvrage Mission complète Honoraires Phases Assurances
Autre,Article Attestation Fiche technique Desserts Ingrédients Brochure
CV,Emplois Contacts Expérience de Réalisations Objectif professionnel CV
Autre,Spécifications Préparation Ordonnance Post Rapport Mode d'emploi Fiche Attestation Prospectus
CV,Objectif Emplois Master Curriculum vitae Portfolio Références Études Stage
Facture,Date d'émission Montant dû Hors taxes Nombre TVA intracommunautaire Produits Espèces
Autre,Analyse Catalogue Attestation Fiche technique Mode d'emploi Ingrédients Plats Relevé Ordonnance Horaires
CV,Contacts Curriculum Vitae Développeur ans d'expérience Poste recherché Esprit d'équipe Objectif Compétences
CV,Développeur Aptitudes Diplômes Alternance JavaScript
Contrat,Travail Disposition Obligations Arbitrage Période Société Fait à
Autre,Desserts Rapport Cuisine Attestation Prescription Post
Contrat,Accord Arbitrage Terme Mission Article Fait à
Lettre,Lettre acceptation Offre emploi Remerciements Confirme Prise fonctions Date Joie
Lettre,Formule de politesse Référence Excuses Correspondance Postule Pour
Facture,Chèque TVA applicable DATE Avoir Proforma EURO
Contrat,CDD Salarié Honoraires Litige Secret Travail Article
Lettre,Sommation Excuses Objet Départ Réclamation Gratitude Cordialement Madame Demande Lettre
Autre,RECETTE CUISINE Ingrédients Quantités Préparation Cuisson Temps Ustensiles Portions
Contrat,Convention Délai Propriété intellectuelle Échéance Devoirs Entreprise Stipulation Confidentialité Date Montant
Lettre,Lettre relance Rappel Absence Réponse Demande Réitère Sollicitation Attente Retour
Contrat,Préavis Arbitrage Fin NDA Rémunération
Autre,Publication Bulletin Formulaire Plats Preuve Brochure Horaires Recette
Autre,Spécifications Questionnaire Carte Ingrédients Publication Brochure Certificat médical
CV,CV Pilote Aviation Licences Heures vol Types appareils Compagnies Expérience Sécurité
Contrat,Litige Échéance CDI Devoirs Entre Brevets CONTRAT Notice Fait à
Facture,Date d'émission EURO coût SIRET Carte bancaire
Facture,Référence facture Échéance Prix HT SARL Date d'émission SIREN
Facture,Référence Hors taxes total Proforma Date Règlement TVA 20% P.U
Contrat,Délai Période Signataires Résiliation Responsabilités Contrat à durée déterminée Montant
Contrat,Lu et approuvé Notice Différend Terme Droits d'auteur Société
CV,ans d'expérience Projets Aptitudes Poste actuel PHP Curriculum vitae Langues Études Recommandations Ingénieur
CV,Agent immobilier Transaction Location Estimation biens Prospection Négociation Mandat
Lettre,LETTRE RECLAMATION Objet litige Faits Demande Dédommagement Règlement Amiable Cordialement
Lettre,Démission Plainte Regrets Madame Attestation Invitation Gratitude Référence Destinataire
CV,Doctorat Expériences Aptitudes Langues parlées Poste recherché
Facture,Date limite FACTURE N° Date Qté Client TVA 20% SAS Ref
Contrat,CDD Terme Secret Rupture Lu et approuvé Entre
Lettre,Réclamation Monsieur Sommation Certificat Regrets
CV,ans d'expérience C++ Rigueur Consultant Portfolio
CV,Langues Qualifications Expérience de Contacts Portfolio Expérience professionnelle
CV,Références Portfolio Autonomie Expérience professionnelle Objectif professionnel ans d'expérience Qualifications PHP Master
Autre,Rapport Programme Plats Brochure Bulletin Certificat médical Fiche Recette Manuel
CV,Développeur full-stack JavaScript TypeScript Node.js React Angular Vue
Lettre,Gratitude Regrets Souhaite Lettre Formule de politesse Concerne
CV,Années d'expérience Portfolio Expérience professionnelle CV Disponibilité
Facture,TVA intracommunautaire Avoir Mode de paiement TVA 20% Services QTE EURO
Autre,Prescription Article Preuve Prospectus Instructions État Programme Spécifications Formulaire
Autre,Publication Bilan Entrées Certificat médical Mode d'emploi
Facture,Paiement par Proforma Avoir Nombre Date d'émission Société TVA intracommunautaire Destinataire TVA applicable
Autre,Preuve Mode d'emploi Compte rendu Recette Fiche technique Fiche Prescription Plats
Lettre,Souhaite À l'attention de Reconnaissance Veuillez agréer Candidature
Contrat,Parties Article Rémunération Notice CONTRAT
Facture,Facture assurance Prime annuelle Garanties couverture Franchise Échéances mensuelles
Facture,Facture formation Intitulé stage Nombre participants Tarif unitaire Total HT TVA
Lettre,Lettre Démission Remerciements Monsieur Référence
Facture,taxe Nombre SIREN Société DATE Hors taxes Bon de commande
CV,ans d'expérience Expérience professionnelle Alternance Chef de projet C++ Recommandations CURRICULUM VITAE Aptitudes
Facture,DATE EURL Règlement facture TVA applicable Échéance Articles Espèces Devis
Autre,Fiche Justificatif Programme Blog Bilan
Lettre,Sollicite Concerne Attestation Monsieur Invitation
Contrat,Contrat construction Maître ouvrage Entrepreneur Travaux Délais Prix Garanties
CV,Pompier Secours Interventions Incendies Formation Permis Spécialisations Courage
Contrat,Signature Arbitrage NDA Article Préavis Montant CDD Parties Durée Obligations
CV,Curriculum vitae Langue maternelle Chef de projet Rigueur Qualifications Projet professionnel
Contrat,Contrat de prestation Services fournis Durée Modalités de paiement Obligations des parties
Facture,Règlement EURO Bon de commande Total HT TVA intracommunautaire
CV,Java ans d'expérience Formation Projets Projet professionnel
CV,Master Parcours académique Savoir-faire Alternance PHP Langues parlées Curriculum vitae Dynamique Objectif professionnel
Lettre,Plaisir Recommandation Destinataire Objet Formule de politesse
Facture,Facture acquittée Montant 350 euros Date d'émission 10/01/2024 Échéance 10/02/2024
Contrat,Contrat vente immeuble Vendeur Acquéreur Prix Conditions suspensives Acte notarié
Contrat,Préavis Parties Devoirs Confidentialité Disposition
CV,Langues Aptitudes Java Recommandations Années d'expérience
Lettre,Cordialement Mise en demeure Pour Courrier Concerne Plaisir Plainte Regrets Démission Respectueusement
Facture,hors taxe Facture numéro SIRET coût EUR Services émission Devis
Facture,FACTURE PROFORMA Date limite de paiement Prix unitaire Quantité Total TTC
CV,CV Développeur mobile iOS Android Swift Kotlin React Native Applications publiées
Facture,Nombre Paiement par coût SIREN Numéro
Autre,Questionnaire Compte rendu Caractéristiques Publication Menu
CV,Ingénieur Projet professionnel Contacts Dynamique Projets Parcours professionnel Alternance JavaScript Langue maternelle Poste actuel
CV,Contacts Curriculum vitae Disponibilité Langue maternelle Ingénieur Python
Contrat,Contrat sous-traitance Prestataire Commanditaire Cahier charges Prix forfaitaire
Contrat,Montant Entreprise Durée Délai Travail Droits d'auteur Confidentialité
CV,Curriculum vitae Java Esprit d'équipe Années d'expérience Licence
Facture,Articles Nombre TVA 20% Hors taxes INVOICE SIREN Règlement émission coût Virement
Autre,Spécifications Programme Post Attestation Ingrédients Brochure
Autre,Bulletin Article Compte rendu Notice Attestation
CV,Compétences Références Portfolio Années d'expérience Curriculum Vitae Diplômes Parcours professionnel
Autre,Instructions Attestation État Brochure Ordonnance Préparation
Autre,Fiche Blog Instructions Carte Preuve
Facture,Facture maintenance Contrat annuel Interventions comprises Prix forfait Renouvellement
Contrat,Contrat commercial Conditions générales de vente Livraison Garanties Litiges
Facture,Avoir sur facture Remboursement Total créditeur Référence facture initiale
Contrat,Contrat Préavis Fin Arbitrage Article Signataires Travail Société Salaire Durée
CV,Recommandations Langues Rigueur Java Expérience professionnelle Doctorat Portfolio Développeur Objectif professionnel Savoir-faire
Autre,Calendrier Ingrédients Entrées État Questionnaire Preuve Instructions Fiche technique Certificat médical Rapport
CV,Langue maternelle CURRICULUM VITAE Alternance Portfolio Contacts Objectif professionnel Poste recherché
Contrat,Salaire Résiliation Contrat à durée indéterminée CONTRAT Parties Date Terme Travail
CV,Rigueur CDD Références Projets Années d'expérience Langues Bachelor Compétences Parcours académique
Contrat,Contrat gardiennage Société sécurité Client Site Protection Rondes Alarmes Tarifs
Facture,FACTURE N° P.U Entreprise QTE Avoir Destinataire Espèces DATE prix
CV,Poste recherché Parcours académique JavaScript Recommandations Années d'expérience
Facture,FACTURE TRANSPORT Expédition Livraison Frais port Assurance Montant total TTC
CV,Ingénieur DevOps Docker Kubernetes CI/CD Jenkins GitLab Automatisation Infrastructure
Autre,Fiche Bilan Justificatif Instructions Publication
Lettre,Pour Attestation Sommation Madame Lettre Regrets Salutations Souhaite
Contrat,Disposition Délai Parties Période Convention Brevets CDI Fin Litige Date
Facture,SARL T.V.A Référence EUR Quantité Produits FACTURE N° Échéance TVA intracommunautaire Mode de paiement
Autre,Ordonnance médicale Prescrit Médicaments Posologie Durée traitement Renouvellement
Autre,Preuve Spécifications Calendrier Article Manuel Brochure Certificat médical Fiche Compte rendu
Contrat,Contrat de travail CDI Date de début Rémunération mensuelle Clause de confidentialité
Lettre,Objet Mise en demeure Attestation Sollicite Réclamation Bien à vous Respectueusement Monsieur
Contrat,Obligations Terme Arbitrage Convention Poste Échéance Honoraires Employeur Secret Brevets
Contrat,Rémunération Notice Rupture Responsabilités Échéance CDI NDA CONTRAT Salarié
Facture,Devis FACTURE N° Produits DATE € Chèque Société Avoir Client Qté
Autre,Menu Manuel Planning Blog Bulletin Prescription Questionnaire
Facture,Hors taxes euros Date coût SIRET TVA applicable EURL Bon de commande Mode de paiement
Facture,Total TTC DESTINATAIRE À payer avant QTE SIREN
Facture,P.U Virement SARL Services Bon de commande TVA intracommunautaire N° Remboursement Quantité Hors taxes
Facture,DATE Qté FACTURE Date limite Hors taxes Mode de paiement T.V.A Articles Bon de commande Numéro
Facture,Services SAS Chèque € Modalités
Lettre,Cordialement Respectueusement Madame Souhaite Objet Correspondance Recommandation
Lettre,Monsieur Motivation Destinataire Référence Bien à vous Contestation Respectueusement Excuses
Facture,Devis DATE prix Note de crédit REF T.V.A
Autre,Horaires Article Prescription Justificatif Mode d'emploi Recette Relevé Entrées
Facture,Numéro T.V.A Hors taxes EURO À l'attention de SARL TVA intracommunautaire Paiement Quantité
Autre,Carte Calendrier Ordonnance Justificatif Fiche Brochure Post Instructions
Facture,Nombre TVA applicable Crédit Bon de commande SARL Date d'émission Montant dû Référence
Lettre,Regrets Invitation Plainte Sommation Madame Objet Formule de politesse Quitter Motivation
CV,Alternance Emplois Objectif professionnel Esprit d'équipe Portfolio Contacts Expérience de CV Développeur Poste actuel
Facture,EUR Hors taxes coût Date d'émission P.U Proforma Crédit
Lettre,Remerciements Demande Motivation Invitation Départ
Lettre,Contestation Invitation Respectueusement Objet Veuillez agréer Certificat Quitter Madame Avertissement
Lettre,Regrets Quitter Bien à vous Candidature Mise en demeure Réclamation Reconnaissance Formule de politesse
Facture,N° EUR SIRET DESTINATAIRE Prix unitaire Quantité Règlement INVOICE Virement hors taxe
Facture,Prestation de service Facture détaillée Honoraires Total à payer Date d'échéance
Lettre,Lettre convocation Réunion Assemblée Entretien Ordre jour Date Heure Lieu Présence
Contrat,Salarié Montant Contrat à durée déterminée Rupture Signataires Signature Secret
CV,Poste recherché Java Portfolio Parcours académique Contacts Langue maternelle Qualifications
CV,Savoir-faire Ingénieur Langue maternelle Portfolio CURRICULUM VITAE
Lettre,Respectueusement Plainte Gratitude Courrier Plaisir Postule Quitter Demande
Lettre,Avertissement Départ Motivation Attestation Concerne Lettre
Contrat,Délai CDI Article Accord Honoraires Confidentialité
CV,Diplômes Langues parlées Années d'expérience Recommandations Bachelor Emplois CV CDI Poste actuel Qualifications
Contrat,Non-divulgation Droits d'auteur Convention Engagements Article
Autre,Relevé Attestation Certificat médical Article Prospectus Horaires Formulaire Menu Préparation Manuel
Contrat,Période Délai Article Secret Obligations Propriété intellectuelle Montant Signataires Juridiction
CV,Consultant Années d'expérience Disponibilité Autonomie Langues parlées
Contrat,Article Délai Société Différend Poste
CV,Expériences Disponibilité Dynamique Bachelor Compétences ans d'expérience Objectif
Lettre,Sommation Convier Sollicite Veuillez agréer Regrets Réclamation Quitter Certificat
Lettre,Formule de politesse À l'attention de Madame Réclamation Quitter Plaisir
Facture,Date Numéro Paiement Modalités Société
Lettre,Madame Remerciements Référence Démission Convier Motivation
Lettre,À l'attention de Convier Certificat Souhaite Veuillez agréer Monsieur Regrets Sommation Correspondance
Facture,Date limite Chèque Destinataire Crédit TVA intracommunautaire Proforma
CV,Chauffeur Routier Permis poids lourds Livraisons Longue distance Marchandises Ponctualité
Lettre,Lettre félicitations Succès Réussite Accomplissement Joie Fierté Continuer Meilleurs
Facture,FACTURE N° HT Paiement par Prestations DATE
Lettre,Regrets Salutations Recommandation Formule de politesse Remerciements Convier Avertissement Lettre Candidature Référence
Autre,Ordonnance Fiche Spécifications Blog Recette Relevé Preuve Compte rendu
Autre,Plats Caractéristiques Justificatif Relevé Prospectus Programme Prescription Préparation Questionnaire Post
Lettre,Mise en demeure Recommandation Sollicite Formule de politesse Contestation Concerne
Lettre,Correspondance personnelle Cher ami Nouvelles Sentiments Bien à toi
Contrat,Mission Employeur Date CDD Période Montant Résiliation Propriété intellectuelle Signataires
Contrat,Terme Confidentialité Notice Convention Devoirs Clause Salarié Juridiction
Autre,Relevé Prescription Recette Entrées Brochure Spécifications Formulaire Instructions
Facture,Facture numéro 12345 Date 15/03/2024 Montant total 1500 EUR TTC TVA 20% Détails des prestations
Autre,Notice Analyse Recette Relevé Ordonnance
Autre,Relevé Certificat médical Rapport Manuel Justificatif
Facture,Articles Bon de commande TVA intracommunautaire Prix unitaire N° Quantité Hors taxes
CV,Alternance Master Contacts CURRICULUM VITAE Formation
Autre,Blog Compte rendu Menu Fiche Recette Justificatif Mode d'emploi
Facture,Remboursement SIREN EURO Hors taxes TVA 20% Carte bancaire Destinataire
Autre,Catalogue produits Descriptions Articles Références Tarifs Promotions
Lettre,Lettre de recommandation Qualités professionnelles Compétences Aptitudes Recommande vivement
CV,Langues parlées Études ans d'expérience Portfolio Savoir-faire Java Curriculum vitae Poste recherché
Lettre,Attestation Madame Plainte Mise en demeure Démission Sollicite Référence
Autre,Cuisine Planning Manuel Caractéristiques Relevé Entrées Brochure
Contrat,Contrat de confidentialité NDA Non-divulgation Informations sensibles Sanctions
Autre,Ingrédients Article Bulletin Calendrier Prospectus Certificat médical
Autre,Compte rendu Réunion Participants Discussions Décisions Actions Suivre Date
Facture,taxe Avoir euros Devis Hors taxes Espèces
Autre,Prospectus Manuel Certificat médical Bilan Cuisine Preuve Fiche Desserts
CV,Psychologue Clinicien Thérapies Consultations Diplôme Master Spécialisations Patients
Facture,EURO Modalités À l'attention de Ref SAS Virement
Lettre,Courrier recommandé Mise en demeure Délai de réponse Suites juridiques
Facture,coût Articles T.V.A Devis Note de crédit HT Mode de paiement Facture N° Chèque
Autre,Justificatif Analyse Questionnaire Recette Article État Planning
Lettre,LETTRE MISE DEMEURE Sommation Payer Délai Défaut exécution Poursuites judiciaires
Lettre,Désolé Destinataire Attestation Plaisir Monsieur Postule Sommation
Lettre,LETTRE MOTIVATION Madame Monsieur Candidature poste Entreprise Formation Expérience Compétences
Lettre,Lettre référence Ancien employé Période Poste Qualités Travail Performance Recommande
Facture,Facture téléphonie Forfait mobile Hors forfait Consommations Options Total période
Contrat,Résiliation Engagements CDI Clause Date Travail Propriété intellectuelle Préavis
Autre,Fiche technique Produit Spécifications Dimensions Matériaux Performance Normes
Facture,Date Destinataire TVA intracommunautaire Référence Proforma Nombre
Autre,Caractéristiques Publication Fiche Prospectus Compte rendu Recette
Autre,Article de blog Post réseaux sociaux Contenu web Publication en ligne
Lettre,"Madame, Monsieur Bien à vous Référence Formule de politesse Mise en demeure Attestation Plainte Correspondance"
Lettre,Lettre licenciement Motif Procédure Préavis Indemnités Entretien Recours Prud'hommes
Autre,Formulaire administratif Cases à cocher Informations à remplir Signature
Facture,Société de services Facture mensuelle Abonnement 99 euros par mois TVA 20%
Lettre,Postule Invitation Monsieur Mise en demeure Départ Attestation Cordialement Formule de politesse
CV,Compétences Expérience professionnelle Poste recherché Portfolio Parcours académique ans d'expérience
CV,Architecte DPLG Conception bâtiments Plans Permis construire Suivi chantiers Réalisations
Lettre,Départ Plaisir Concerne Formule de politesse Bien à vous Madame Courrier Remerciements Contestation
CV,PHP CV Objectif professionnel Langue maternelle Disponibilité ans d'expérience Compétences Portfolio
Facture,hors taxe prix Qté SARL Prix unitaire TVA Facture numéro Espèces DATE
Lettre,Lettre excuse Regrets Incident Malentendu Amélioration Mesures prises Considération
Lettre,Cordialement Réclamation Respectueusement Certificat Convier Correspondance Désolé Quitter Mise en demeure
Facture,Date Devis HT TVA 20% Modalités SIRET Tarif unitaire EUR QTE
Facture,Date d'émission somme Proforma Paiement N°
CV,Savoir-faire Langues parlées Projets Emplois Poste recherché
Contrat,Convention Brevets Confidentialité Juridiction Période Société Délai Fin Entre CDD
Lettre,Lettre d'invitation Événement Date Lieu RSVP Merci de confirmer
Autre,Menu Ingrédients Notice Justificatif Bilan Ordonnance Spécifications
CV,Portfolio Licence Formation Emplois ans d'expérience
Autre,Plaquette entreprise Historique Activités Équipe Valeurs Réalisations Coordonnées
CV,Curriculum Vitae Expérience professionnelle Formation Compétences techniques Langues parlées
Contrat,Litige Obligations NDA Stipulation Échéance
Contrat,CONTRAT TRANSPORT Expéditeur Transporteur Marchandise Livraison Assurance Tarifs
Lettre,Avertissement Invitation Départ Candidature Pour Remerciements Objet Salutations
CV,CV Comptable Expert Diplôme DCG DSCG Expérience cabinet Logiciels comptables Fiscalité
Contrat,Parties Résiliation Arbitrage Employeur Période Date
CV,Références Curriculum vitae Langues parlées Expériences Master Esprit d'équipe Java Portfolio
Contrat,Disposition Signataires Litige Employeur Contrat
Facture,Facture location Bureau Entrepôt Loyer mensuel Charges comprises Période facturation
Lettre,Mise en demeure Objet Pour Souhaite Postule Monsieur Lettre Invitation Formule de politesse
Contrat,Salarié Article Arbitrage Salaire Secret
Autre,Mode d'emploi Attestation Analyse Relevé Carte Prospectus
Facture,À l'attention de REF Chèque Paiement par Échéance Devis Hors taxes Tarif unitaire
CV,Architecte logiciel Conception systèmes distribués Microservices Cloud AWS Azure
Autre,Programme Article Ordonnance Bulletin Cuisine Rapport Justificatif Spécifications Fiche
Autre,Entrées Rapport Recette Bulletin Preuve Formulaire
Contrat,Devoirs Terme Différend Travail Parties Fin Propriété intellectuelle Accord
Facture,Virement total À payer avant Société Nombre DATE
Contrat,Droits d'auteur CONTRAT Juridiction Poste Confidentialité Résiliation
Contrat,Montant Fait à Résiliation Travail Responsabilités
Contrat,Entreprise Date Droits d'auteur Fonction CDD
Autre,Notice Publication Calendrier Relevé Justificatif
Facture,Facture d'acompte Versement initial 30% du total Solde à régler Conditions paiement
Autre,Prospectus Entrées Questionnaire Justificatif Manuel Calendrier
Contrat,Notice Parties Salarié Brevets Engagements
Autre,Analyse Recette Brochure État Caractéristiques Horaires
CV,Ingénieur Parcours professionnel JavaScript Années d'expérience Alternance Projet professionnel Contacts Ingénieur
Contrat,Convention de stage Durée 6 mois Gratification Missions confiées Tuteur de stage
CV,Avocat Barreau Master Droit Spécialisations Contentieux Conseil Plaidoiries Dossiers
Contrat,Période Brevets NDA Terme Date CDD
Facture,Numéro Hors taxes SIREN Tarif unitaire Remboursement Date
Facture,Modalités Note de crédit Articles Entreprise SIREN Prix unitaire
CV,Python Langue maternelle Objectif professionnel ans d'expérience Chef de projet Poste recherché Expériences Licence Curriculum vitae Projets
CV,Langues parlées Qualifications Portfolio Licence Recommandations Objectif professionnel Parcours professionnel Stage CV Esprit d'équipe
CV,Master CDD C++ Consultant Références Autonomie Curriculum Vitae Savoir-faire Disponibilité
Facture,Produits euros Total HT TVA Tarif unitaire
Facture,FACTURE N° F-2024-789 Client ABC SARL Montant HT 3500 EUR TVA 20% 700 EUR Total TTC 4200 EUR
Autre,Procès verbal Assemblée Présents Ordre jour Délibérations Votes Résolutions
CV,Chef de projet Curriculum vitae Expérience professionnelle Recommandations Réalisations CDD Langues parlées Ingénieur PHP Années d'expérience
CV,Références Langues parlées Ingénieur C++ Expérience de Poste actuel Savoir-faire Curriculum vitae
Contrat,Droits d'auteur Clause Engagements Salarié Secret Soussigné Contrat à durée indéterminée Délai
Facture,TVA applicable EURL Mode de paiement Facture N° Chèque montant
Contrat,Salarié Contrat à durée indéterminée Entre Devoirs Travail
Lettre,"À l'attention de Madame, Monsieur Formule de politesse Plainte Gratitude Motivation Regrets Lettre Quitter Veuillez agréer"
CV,Qualifications Objectif Études Expérience de Rigueur
CV,Objectif professionnel Manager PHP Références Autonomie Poste recherché Qualifications Langues Master
Lettre,Remerciements Plaisir Courrier Demande Réclamation Pour Départ Excuses Mise en demeure
Contrat,Période Responsabilités Brevets Convention Lu et approuvé Salarié Rémunération
Autre,Bulletin de notes Résultats scolaires Matières Moyennes Appréciations
Contrat,Période Travail Responsabilités Fin CDI Rémunération Soussigné Droits d'auteur Clause NDA
Contrat,Lu et approuvé NDA Préavis Fonction Montant Terme
CV,Doctorat Poste actuel Qualifications Rigueur Parcours académique Années d'expérience Objectif CV Chef de projet Emplois
Contrat,Contrat à durée indéterminée Salaire Convention Terme Notice Travail Propriété intellectuelle Lu et approuvé Signataires
Lettre,Lettre transmission Documents Fichiers Dossier Complémentaires Suite Demande Exploitation
Facture,Hors taxes Référence P.U Crédit Devis QTE Date limite
Contrat,Entreprise Disposition Terme Contrat à durée indéterminée Notice Rémunération NDA Juridiction
Autre,Article Fiche technique Plats Analyse Recette Preuve Manuel État Calendrier Brochure
CV,Recommandations Parcours professionnel Poste actuel Ingénieur Objectif professionnel Consultant Portfolio
CV,CV Biologiste Recherche Analyses Laboratoire Protocoles Diplôme Master Doctorat Publications
Contrat,Contrat agent artistique Représentation Pourcentage Exclusivité Engagements Durée
Contrat,Litige Société Résiliation Contrat à durée indéterminée Disposition Rémunération Fait à Accord Délai
Contrat,Propriété intellectuelle Article Échéance Contrat à durée indéterminée Engagements Différend Fin Contrat Poste Entre
CV,Objectif Études Langues Portfolio Stage CV Ingénieur Disponibilité Aptitudes Années d'expérience
Contrat,Contrat partenariat commercial Distributeur Fournisseur Conditions Objectifs Rémunération
Contrat,CONTRAT FORMATION Centre Stagiaire Programme Durée Tarif Certification Financement
CV,Manager CV Projets Aptitudes Expériences Objectif professionnel Master Diplômes Dynamique
CV,Langues parlées CV Poste actuel Savoir-faire C++ CDD ans d'expérience Parcours professionnel
CV,CDD Savoir-faire Réalisations Java Développeur Autonomie ans d'expérience
Contrat,Avenant au contrat Modification des termes Nouvelle rémunération Nouvelles fonctions
Contrat,Accord Délai Stipulation Terme Responsabilités Parties Rémunération Entreprise CDI
Contrat,Protocole d'accord Conciliation Arbitrage Règlement des différends
Facture,Mode de paiement Chèque EURO Produits Crédit Référence Tarif unitaire Bon de commande Destinataire EURL
Autre,Spécifications Article État Menu Ordonnance Prospectus Cuisine
Autre,Article Bilan Fiche technique Bulletin Calendrier Desserts Prospectus Ingrédients Prescription
Autre,Cuisine Compte rendu Prescription Caractéristiques Planning
Contrat,CDI Période Convention Travail Brevets
Autre,Prescription Planning Instructions Cuisine Rapport
Contrat,Durée Employeur Poste Résiliation Brevets Différend Honoraires Article Délai Lu et approuvé
Contrat,Contrat apprentissage Alternance Formation diplôme Maître apprentissage Rémunération
Facture,Devis transformé en facture Acceptation du client Montant total Prix unitaires
CV,Savoir-faire Expérience professionnelle C++ Développeur Langues Parcours académique
CV,Références ans d'expérience Portfolio Projet professionnel Aptitudes Langue maternelle Formation Dynamique JavaScript Alternance
CV,Profil professionnel Parcours académique Expériences en entreprise Projets réalisés Références
CV,CV Ingénieur logiciel 5 ans d'expérience Python Java React Diplôme Master Informatique
Facture,€ REF Date INVOICE Qté hors taxe
Autre,Notice d'utilisation Mode d'emploi Instructions Consignes de sécurité
CV,Études Disponibilité Langues parlées Java Objectif Stage
Autre,Plats Publication Relevé Ingrédients Horaires Notice
Contrat,Signataires Fait à Secret Poste Rémunération Terme Période Arbitrage CONTRAT Engagements
Lettre,Regrets Plaisir Référence Plainte Souhaite Courrier Salutations Motivation
Contrat,Contrat prêt bancaire Emprunteur Montant Taux intérêt Durée Remboursement Garanties
CV,Chef de projet Réalisations CDI Licence Objectif professionnel Expérience professionnelle Savoir-faire Recommandations Langues parlées ans d'expérience
Autre,Mode emploi Produit Mise service Utilisation Nettoyage Précautions Garantie
CV,Poste recherché Aptitudes Langue maternelle Dynamique Licence
CV,Projets Références Disponibilité Études Rigueur Langues parlées Compétences Expériences Années d'expérience
Contrat,Employeur Date Contrat à durée indéterminée Juridiction Clause Contrat
Autre,Caractéristiques Cuisine Fiche Justificatif Certificat médical Notice Post Bilan Plats Catalogue
Contrat,Montant Lu et approuvé Signataires Non-divulgation Engagements Droits d'auteur Différend CDD Clause Fonction
Autre,NOTICE UTILISATION Appareil Installation Fonctionnement Entretien Dépannage Caractéristiques
CV,Recommandations Compétences Emplois Années d'expérience Alternance Ingénieur CV Objectif Langues Python
Lettre,Formule de politesse Pour Plaisir Avertissement Salutations Gratitude Référence Courrier Regrets Démission
Lettre,Reconnaissance Plainte Courrier Candidature Cordialement
Contrat,Contrat à durée déterminée Poste Fait à Échéance Secret Société Parties Stipulation
CV,Disponibilité Compétences Objectif professionnel CV CDD Parcours professionnel C++ Licence Portfolio Rigueur
Facture,Services coût Virement SARL Facture numéro Crédit SIREN
Autre,Ordonnance Brochure Spécifications Attestation Planning Instructions Compte rendu Publication
Facture,Facture N° EURL Produits TVA applicable Virement À payer avant
Lettre,Remerciements Monsieur Concerne Avertissement Respectueusement Certificat Invitation Courrier Candidature Veuillez agréer
Facture,FACTURE ELECTRONIQUE Date émission Numéro SIRET Client Fournisseur Total à payer Échéance
Facture,Bon de commande Facture proforma Montant HT TVA applicable Conditions de vente
Autre,Instructions Desserts Catalogue Analyse Preuve Certificat médical Relevé
Facture,FACTURE TVA applicable Prestations Paiement par N° Bon de commande Prix unitaire hors taxe SAS SIRET
Contrat,Terme Employeur Arbitrage Mission Contrat à durée indéterminée Délai Accord Propriété intellectuelle
Lettre,Sommation Souhaite Concerne Gratitude Désolé Plainte Démission Attestation
Lettre,Plainte Formule de politesse Plaisir Regrets Gratitude Cordialement Sommation Correspondance
CV,Master ans d'expérience Python Parcours professionnel Réalisations CDD Langues parlées Références
CV,Consultant Réalisations Alternance ans d'expérience Curriculum Vitae Parcours professionnel Autonomie Disponibilité Compétences Langue maternelle
Facture,Mode de paiement Crédit À l'attention de Nombre Tarif unitaire Date d'émission Référence FACTURE
Autre,Guide pratique Conseils Astuces Recommandations Étapes Procédure Informations
Facture,Devis SIRET Articles TVA 20% N° Destinataire Modalités Prix HT euros
CV,Alternance Poste recherché Doctorat Java Expérience de Qualifications Chef de projet Diplômes
Facture,Prix unitaire € Qté Client Prix HT SIREN Date d'émission Chèque Ref SARL
Lettre,À l'attention de Sollicite Démission Bien à vous Invitation
Facture,Relevé de factures Détail des opérations Prix HT Prix TTC Mode de règlement
Facture,émission Tarif unitaire Total HT N° À payer avant EURL Crédit Paiement par Prix HT Virement
Facture,Facture travaux réalisés Main d'oeuvre Matériaux Déplacements Total prestation TTC
CV,Projets Objectif Langues parlées Poste recherché CV
Facture,Mode de paiement Date limite facture TVA intracommunautaire Montant dû euros DATE Services Prix HT
Contrat,Contrat Devoirs Mission Rupture Propriété intellectuelle
Autre,Planning Fiche technique Fiche État Carte Catalogue Mode d'emploi Certificat médical
Autre,Manuel Questionnaire Prospectus Preuve Blog Rapport
Autre,Preuve Questionnaire Instructions Bilan Carte Relevé Cuisine Programme Prospectus
Facture,émission coût Proforma Espèces Prestations Mode de paiement FACTURE Date limite
CV,Développeur Contacts Parcours professionnel Poste actuel Années d'expérience Objectif
Contrat,Parties Arbitrage Contrat à durée déterminée Rémunération Employeur Terme Poste Devoirs Délai Secret
Lettre,Veuillez agréer Référence Quitter Contestation Courrier Remerciements Regrets Postule Invitation
Contrat,Engagements Société Secret Fonction Article Propriété intellectuelle Contrat à durée déterminée Durée Lu et approuvé
Autre,Justificatif domicile Titulaire Adresse Document Facture Quittance Preuve Résidence
Contrat,Date NDA Convention Parties Contrat à durée indéterminée Salaire Stipulation
CV,Études Langues parlées Consultant Curriculum Vitae Python Bachelor Réalisations
Facture,Proforma Modalités total À l'attention de TVA intracommunautaire Qté Facture N° Numéro Hors taxes Remboursement
Contrat,CONTRAT DE TRAVAIL À DURÉE INDÉTERMINÉE Employeur Salarié Poste Coefficient Salaire brut
Contrat,Résiliation Différend Entreprise Travail Secret Rémunération Notice Stipulation Accord CDI
Contrat,Rupture Société Travail Secret Soussigné Contrat
Contrat,CDI Parties Période Date Honoraires
Lettre,Motivation Formule de politesse Concerne Remerciements À l'attention de Désolé Demande Contestation Quitter
Facture,Bon de commande SARL REF TVA 20% Paiement par Échéance Note de crédit SIREN Articles Chèque
Autre,Brochure commerciale Présentation Offres Services Avantages Tarifs Contact Promotion
Lettre,Convier Monsieur Objet Recommandation Bien à vous Demande Démission Destinataire
Lettre,"Reconnaissance Formule de politesse Pour Sollicite Postule Madame, Monsieur Départ"
CV,Autonomie PHP Manager Savoir-faire Disponibilité Contacts Parcours professionnel Curriculum Vitae ans d'expérience Portfolio
Lettre,Souhaite Salutations Postule Invitation Respectueusement Référence Plainte Gratitude Lettre
Lettre,LETTRE DEMANDE Sollicite Information Rendez-vous Stage Document Autorisation Réponse
CV,Veterinaire Soins animaux Chirurgie Consultations Diplôme Clinique Élevages Faune
CV,CDI CV Ingénieur Objectif professionnel C++
Lettre,Invitation Remerciements Courrier Regrets Salutations Formule de politesse
Contrat,Société Différend Parties Devoirs Montant Mission Droits d'auteur
Facture,Articles Total TTC DATE EUR EURL Mode de paiement À payer avant Remboursement
CV,CV Coiffeur Techniques coupe Coloration Soins cheveux CAP BP Clientèle Tendances
CV,Ingénieur Java Poste actuel Ingénieur Curriculum Vitae Contacts Études
Autre,Programme spectacle Pièce Théâtre Artistes Distribution Horaires Dates Lieu Tarifs
Facture,Mode de paiement TVA intracommunautaire SARL Remboursement T.V.A
Facture,Société hors taxe émission Tarif unitaire Facture numéro Ref Articles Nombre euros
CV,Aptitudes CDI Autonomie Ingénieur Références
Contrat,CONTRAT SYNDIC Copropriété Gestionnaire Prestations Honoraires Assemblée générale
Lettre,Concerne Cordialement Démission Respectueusement Postule Demande
Contrat,Différend Droits d'auteur Terme Terme Stipulation Salaire Poste Lu et approuvé
Contrat,Salarié Accord Stipulation Entre CDI Brevets Poste Préavis Fin Secret
Autre,Relevé Prospectus Préparation Certificat médical Fiche Fiche technique Analyse
Lettre,Correspondance Madame Monsieur Objet de la lettre Corps du texte Signature
Contrat,Contrat consulting Consultant Entreprise Mission Expertise Tarifs Confidentialité
CV,Expérience de Qualifications Esprit d'équipe Poste recherché Alternance CURRICULUM VITAE Recommandations Portfolio Langue maternelle
Autre,Recette Carte Manuel Fiche Spécifications Programme Publication
CV,Responsable RH Gestion recrutement Formation Paie Relations sociales Droit travail
Contrat,CDI Différend Travail Contrat Entreprise
Autre,Spécifications Calendrier Formulaire Justificatif Prescription Relevé Bilan Menu Instructions
CV,Portfolio Études Objectif Expériences Curriculum vitae Alternance
Facture,Tarif unitaire Qté Chèque Crédit Prix HT Règlement REF
CV,Parcours professionnel Responsabilités Réalisations Qualifications Centres d'intérêt
Facture,Chèque FACTURE N° SARL Client Services Paiement Proforma
Autre,CERTIFICAT MEDICAL Constate Patient Nécessite Repos Arrêt travail Jours Date Signature
Autre,Recette Article Rapport Horaires Plats Spécifications
Lettre,Lettre Respectueusement Mise en demeure Postule Quitter Objet
Autre,Blog Mode d'emploi Plats Justificatif Prospectus
Facture,Proforma TVA 20% SAS montant DATE
CV,Dynamique Curriculum Vitae Poste recherché Diplômes Expérience de
Contrat,Préavis Brevets Soussigné Montant Période Rupture NDA CDI
Facture,TVA applicable Tarif unitaire Nombre Référence Date Mode de paiement Avoir INVOICE À payer avant Chèque
Facture,SARL SIREN REF Produits Échéance Remboursement FACTURE Espèces Paiement par
Autre,Manuel Desserts Spécifications Prescription Post Prospectus
Lettre,Lettre recommandation Collaborateur Qualités Compétences Professionnalisme Recommande Vivement
Lettre,Courrier administratif Objet Référence Demande d'information Cordialement
Lettre,Destinataire Mise en demeure Objet Quitter Certificat Demande Respectueusement Gratitude
CV,CV Marketing digital SEO SEM Réseaux sociaux Analyse de données Google Analytics
Facture,Règlement € Nombre TVA applicable hors taxe SARL Prestations
Autre,Programme Notice Spécifications Ingrédients Blog
Lettre,Lettre contestation Facture Erreur Montant Justificatifs Rectification Règlement
CV,Ingénieur Formation Dynamique Recommandations Disponibilité JavaScript Doctorat Aptitudes
CV,Stage Curriculum vitae Ingénieur Portfolio Objectif professionnel Autonomie Java
Contrat,Montant Article Droits d'auteur Convention Fait à Poste Terme CDI Délai Employeur
Facture,Crédit TVA Prix unitaire Total TTC EURO Destinataire Règlement Quantité
Facture,Note de frais Facture Remboursement Dépenses professionnelles Justificatifs joints
Autre,Spécifications Calendrier Relevé Certificat médical Fiche Blog Mode d'emploi Preuve Préparation
Lettre,Candidature Gratitude Respectueusement Attestation Sollicite Correspondance Réclamation À l'attention de Mise en demeure Monsieur
Lettre,Courrier Postule Référence Madame Gratitude Respectueusement Regrets Souhaite Convier Démission
CV,Compétences Chef de projet Langues Réalisations Master ans d'expérience Contacts Projet professionnel
Contrat,Litige Terme Soussigné NDA Contrat
Autre,Ordonnance Plats Compte rendu Calendrier Questionnaire Mode d'emploi
Facture,FACTURE INFORMATIQUE Licence logiciel Support technique Maintenance Prix annuel
Autre,Relevé bancaire Opérations Solde Débit Crédit Historique des transactions
Facture,Services Tarif unitaire Date d'émission Virement somme TVA applicable € Nombre
Lettre,Gratitude Sollicite À l'attention de Formule de politesse Candidature Madame Attestation
Lettre,Madame Objet Courrier Désolé Salutations Formule de politesse
Autre,Mode d'emploi Bulletin Prospectus Bilan Entrées Attestation
Autre,Prescription Brochure État Cuisine Caractéristiques Formulaire Planning Plats
Lettre,Lettre réponse Suite Courrier Demande Informations Proposition Modalités Cordialement
Facture,Tarif unitaire Hors taxes Bon de commande Prestations euros EURL Date
Contrat,Montant Article Entre Contrat à durée déterminée Période Litige Poste Notice Accord Salarié
Contrat,Mission Litige CONTRAT Contrat à durée déterminée Droits d'auteur Signataires NDA Entreprise Date Terme
Lettre,Cordialement Attestation À l'attention de Avertissement Sollicite Reconnaissance Référence Plaisir Réclamation Candidature
Facture,Reçu facture Paiement comptant Montant réglé Mode de paiement Espèces Carte bancaire
Lettre,Lettre de réclamation Insatisfaction Service client Demande de remboursement
Facture,Référence Avoir Espèces émission Articles
Facture,TVA applicable Échéance TVA intracommunautaire Espèces P.U Devis EUR Société Quantité DATE
Lettre,Veuillez agréer Attestation Désolé Invitation Avertissement Quitter Remerciements Candidature Respectueusement Sollicite
Autre,Article Entrées Prospectus Fiche technique Bilan Certificat médical Fiche Programme Mode d'emploi Bulletin
Autre,Agenda Événements Rendez-vous Notes Tâches Rappels Contacts Planification
Contrat,Contrat recherche Laboratoire Financement Objectifs Livrables Propriété intellectuelle
Contrat,Terme Signataires Notice Article Travail Non-divulgation Rémunération Différend Date Obligations
Autre,RAPPORT ACTIVITE Période Bilan Actions Résultats Objectifs Perspectives Analyse
Facture,Prestations TVA applicable Note de crédit Espèces Prix HT Paiement par Quantité Devis Paiement REF
Autre,Mode d'emploi Brochure Prescription Horaires Article Fiche technique État
Lettre,Excuses Veuillez agréer Correspondance Attestation Destinataire Demande
Autre,Fiche Certificat médical Recette Instructions Horaires Article
Contrat,Date Obligations Propriété intellectuelle Stipulation Différend Signataires CONTRAT Délai Confidentialité Société
Contrat,Arbitrage Accord Lu et approuvé Droits d'auteur Contrat à durée indéterminée Travail Terme NDA Parties
Contrat,NDA Montant Salarié Droits d'auteur Résiliation Fait à CDD
Autre,Rapport Brochure Calendrier Caractéristiques Notice Bulletin Recette Prescription Attestation
CV,CV Chef de projet Gestion d'équipe Méthodologie Agile Certifications professionnelles
Autre,Formulaire Analyse Attestation Ordonnance Horaires Publication Prospectus Ingrédients Fiche technique Desserts
Lettre,Lettre présentation Entreprise Société Activités Services Offre Partenariat Catalogue
Lettre,"Motivation À l'attention de Madame, Monsieur Avertissement Attestation Réclamation"
Autre,Programme événement Ordre du jour Intervenants Horaires Planning
Facture,Facture rectificative Correction montant Avoir Remboursement Nouvelle facture Référence
Contrat,Mission Fin Confidentialité Article Devoirs Contrat à durée déterminée
CV,Ingénieur données Compétences en Machine Learning Python SQL Big Data
Autre,Bilan Horaires Brochure Instructions Justificatif Relevé Formulaire Publication Plats
Lettre,Désolé Souhaite Postule Concerne Départ Mise en demeure
Contrat,Arbitrage Travail Échéance Devoirs Entreprise Date CDI Contrat Entre
Lettre,Gratitude Recommandation Salutations Démission Candidature Avertissement
CV,Langues parlées Python Réalisations Références Savoir-faire Poste recherché Curriculum Vitae Objectif Ingénieur
Facture,prix Prestations N° TVA 20% QTE
Lettre,Attestation Formule de politesse Avertissement Demande Regrets Gratitude
Facture,Date d'émission EUR Virement Crédit Société Règlement Client Produits TVA intracommunautaire
Facture,FACTURE DE REGULARISATION Ajustement montant Trop perçu Avoir Régularisation compte
Lettre,Mise en demeure Demande Certificat Respectueusement Désolé Invitation Correspondance Reconnaissance
CV,Formation Doctorat Emplois Compétences Langues Projet professionnel Expérience de CURRICULUM VITAE
Autre,Article Desserts État Cuisine Fiche technique
CV,Manager Langue maternelle Parcours académique PHP Années d'expérience Parcours professionnel
Facture,Échéance euros SIREN taxe SARL Chèque Articles Montant dû Hors taxes
Facture,Facture sécurité Gardiennage Surveillance Alarme Montant mensuel Contrat annuel
Autre,État Rapport Ingrédients Caractéristiques Calendrier Catalogue Ordonnance Carte Article
CV,Projet professionnel Licence CDI Langue maternelle Années d'expérience Portfolio Diplômes
CV,Langue maternelle Portfolio CDD Emplois Études Disponibilité CV Expérience de Aptitudes
Autre,Desserts Calendrier Brochure Bulletin Préparation Caractéristiques
Autre,Ordonnance Justificatif Notice Menu Article Bilan Planning Questionnaire
Lettre,"Certificat Madame, Monsieur Regrets Contestation Concerne Plaisir Correspondance Remerciements Quitter Souhaite"
Autre,Plan situation Localisation Adresse Accès Transports Parking Itinéraire Carte
Autre,État Spécifications Cuisine Entrées Brochure Blog Justificatif Fiche Planning Instructions
Autre,Calendrier Publication Desserts Ordonnance Fiche technique Notice Recette Brochure Analyse Relevé
CV,Rigueur Poste recherché Expérience professionnelle Compétences Portfolio Curriculum vitae Langues
Autre,Attestation Caractéristiques Instructions Recette Questionnaire Prescription Prospectus
Autre,Spécifications Cuisine Brochure Calendrier Analyse Carte Fiche
Contrat,Confidentialité Salaire Société Convention Résiliation Clause Arbitrage Contrat à durée déterminée Signataires
Autre,Instructions Fiche Compte rendu Desserts Attestation Certificat médical Brochure Article Caractéristiques Bulletin
Lettre,LETTRE INFORMATION Portée connaissance Changements Nouveautés Modifications Mesures
Lettre,Candidature Recommandation Départ Objet Invitation Pour Veuillez agréer Mise en demeure Contestation
Lettre,Lettre procuration Donne pouvoir Représenter Accomplir Démarches Nom Signature Procuration
Contrat,Brevets Date Salaire NDA Contrat Délai Durée
Lettre,Lettre Respectueusement Plainte Motivation Gratitude Objet
Lettre,Excuses Réclamation Remerciements Concerne Monsieur Demande
Contrat,CONTRAT EDITION Auteur Éditeur Droits exploitation Redevances Exemplaires Diffusion
Facture,Facture numéro Tarif unitaire N° Qté Client émission Note de crédit Proforma TVA 20% Prestations
Lettre,Demande Excuses Certificat Pour Motivation Réclamation
Contrat,Contrat mandat Agent Mandant Commission Exclusivité Territoire Durée Résiliation
CV,Objectif Master Références Java Poste actuel Langue maternelle CDI Autonomie
CV,CDD Disponibilité Savoir-faire Langues Autonomie Licence C++
Lettre,Madame Formule de politesse Plainte Gratitude Bien à vous Sommation Désolé Destinataire Certificat
Contrat,Contrat à durée déterminée Non-divulgation Montant Fin Convention Propriété intellectuelle Entreprise Responsabilités Entre Article
Lettre,Sollicite Cordialement Objet Plainte Recommandation Monsieur Lettre Regrets
Contrat,Contrat nettoyage Prestataire Locaux Fréquence Produits Personnel Prix forfait
CV,CURRICULUM VITAE Nom Prénom Adresse Téléphone Email Objectif carrière Formation Expérience
Lettre,Lettre attestation Certifie Héberge Domicile Depuis Justificatif Résidence Signature
CV,CV Aptitudes Langues Recommandations C++ Rigueur Licence Objectif professionnel Projets Expérience professionnelle
Autre,Compte rendu Certificat médical Blog Bulletin Cuisine Prospectus Attestation Fiche technique Programme
Facture,EURL À l'attention de Ref Services euros Date coût Mode de paiement Devis
Autre,Fiche technique Certificat médical Ingrédients Instructions Carte
Autre,Caractéristiques Analyse État Fiche Justificatif
Facture,Facture électronique Numéro de TVA intracommunautaire Montant net à payer
Autre,Prescription Bilan Justificatif Instructions Article Prospectus Programme Fiche technique Menu Questionnaire
Facture,Facture nettoyage Prestations entretien Fréquence passages Produits fournis Prix
CV,Alternance Qualifications CV Langues parlées Disponibilité Parcours académique Objectif professionnel Réalisations
Contrat,Stipulation NDA Contrat Société Salaire CDI Signataires Délai
Facture,somme FACTURE Devis Articles EUR N°
Facture,Ref TVA Paiement par Bon de commande Articles facture Carte bancaire SIRET Hors taxes
Lettre,Gratitude Veuillez agréer Respectueusement Référence Réclamation Démission
Contrat,NDA Responsabilités Propriété intellectuelle Convention Clause
Contrat,Fin Juridiction Devoirs Disposition Entre Contrat Société Droits d'auteur Secret
Lettre,Formule de politesse Remerciements Pour Plaisir Monsieur Excuses
Lettre,"Madame, Monsieur Candidature Gratitude Démission Formule de politesse"
Facture,N° Règlement TVA intracommunautaire HT FACTURE N° EUR Prix unitaire Échéance
Contrat,Salarié Juridiction Contrat à durée indéterminée Rémunération Obligations Lu et approuvé Accord Fonction
Facture,HT Référence P.U Bon de commande TVA intracommunautaire
CV,CDI Poste recherché Expériences Langues parlées CURRICULUM VITAE Ingénieur PHP
Lettre,LETTRE AUTORISATION Accorde Permission Demande Conditions Cadre Responsabilité Signature
Lettre,Certificat Reconnaissance Salutations Concerne Départ Regrets Monsieur Destinataire Avertissement
Contrat,Disposition Rémunération Arbitrage Mission Date Confidentialité Rupture Droits d'auteur Signataires
Autre,Caractéristiques Justificatif Mode d'emploi Certificat médical Blog Questionnaire Menu Ingrédients
Contrat,Non-divulgation Notice Salaire Lu et approuvé Société Rupture
Lettre,Avertissement Madame Respectueusement Motivation Attestation
CV,Objectif Ingénieur Formation CURRICULUM VITAE Aptitudes ans d'expérience Références Développeur CDI
Lettre,LETTRE INVITATION Honneur Convier Événement Lieu Date Heure Tenue RSVP Présence
Lettre,Lettre condoléances Sympathie Peine Soutien Famille Pensées Sincères Amitié
Lettre,À l'attention de Remerciements Désolé Motivation Demande
Autre,Preuve Compte rendu Formulaire Mode d'emploi Carte Ingrédients Horaires
Lettre,Correspondance Bien à vous Concerne Attestation Souhaite Convier À l'attention de Remerciements Regrets
Lettre,Mise en demeure Plaisir Pour Regrets Courrier Respectueusement Motivation
Facture,Proforma Produits Prix unitaire Prix HT Virement
CV,Aptitudes Objectif Autonomie Alternance Emplois Portfolio Recommandations Développeur Expérience de
Facture,QTE Ref Paiement Date d'émission Proforma Paiement par SARL À l'attention de SIREN Prix HT
Autre,MENU RESTAURANT Entrées Plats Viandes Poissons Desserts Boissons Vins Prix Formules
Lettre,Lettre de motivation Candidature au poste Parcours professionnel Motivation Disponibilité
Autre,Planning État Bilan Spécifications Prospectus Notice Post Préparation
Contrat,Fait à Travail Accord Entreprise Secret Notice Rémunération
Lettre,Lettre résiliation Contrat Préavis Motifs Demande Confirmation Accusé réception
Autre,Rapport Préparation Publication Plats Certificat médical Spécifications
Autre,Résultats analyses Laboratoire Examens Valeurs Normes Interprétation Biologiste
Contrat,Rémunération Période Terme Disposition Droits d'auteur
Facture,SIRET Avoir Articles Virement Entreprise Destinataire euros
Facture,Crédit Quantité Espèces émission Services Numéro Destinataire Échéance Proforma Facture N°
CV,Langue maternelle Expériences Dynamique Recommandations Parcours académique Années d'expérience Objectif professionnel
Contrat,Contrat assurance vie Souscripteur Bénéficiaires Versements Garanties Frais Rachat
Autre,CATALOGUE PRODUITS Gamme Articles Descriptions Caractéristiques Prix Références Photos
Autre,Avis imposition Revenus Impôts Montant Échéances Situation familiale Fiscalité
CV,Doctorat CDI Expérience de Java CV Langues parlées Études Portfolio
Facture,P.U € EURL Carte bancaire Articles Règlement Destinataire Facture N°
CV,Emplois Qualifications Langue maternelle Disponibilité Chef de projet
Lettre,Demande Respectueusement À l'attention de Départ Correspondance Madame Objet
Autre,Relevé Ordonnance Publication Justificatif Formulaire Préparation Carte Prospectus
Autre,Instructions Blog Prescription Programme Desserts État Prospectus Rapport Fiche
Lettre,Demande manuscrite À l'attention de Soussigné Certifie sur l'honneur
Contrat,Droits d'auteur Entre Entreprise Fonction Fin Fait à
CV,CURRICULUM VITAE Bachelor Réalisations Parcours professionnel Langues parlées Années d'expérience Recommandations C++ Alternance Objectif professionnel
Autre,Manuel Post Prescription Fiche technique État Justificatif Programme
Lettre,Départ Attestation Invitation Salutations Monsieur Gratitude
Autre,Ingrédients Publication Bulletin Horaires Fiche Fiche technique
Facture,Qté Date d'émission À payer avant Crédit TVA intracommunautaire EUR Devis Carte bancaire Services
Contrat,Fonction Différend Obligations Article Délai Période Confidentialité Fin Parties Employeur
Autre,Blog Formulaire Caractéristiques Brochure Rapport Relevé Certificat médical Justificatif Horaires
Lettre,Lettre Convier Départ Souhaite Mise en demeure Monsieur Destinataire Formule de politesse Postule
Lettre,Sollicite Monsieur Démission Cordialement Convier Candidature Contestation
Autre,Calendrier Fiche Preuve Publication Mode d'emploi Plats
Contrat,Employeur NDA Droits d'auteur Honoraires Mission Responsabilités Résiliation Contrat à durée déterminée Litige
Lettre,Lettre Respectueusement Regrets Démission Demande Bien à vous Mise en demeure Convier
Lettre,Référence Attestation Souhaite Remerciements Démission À l'attention de Motivation Madame
CV,Parcours académique Emplois Portfolio Curriculum vitae Bachelor Développeur Années d'expérience Autonomie
Autre,Prospectus Bulletin Plats Planning Cuisine
Contrat,Résiliation NDA Employeur CONTRAT Fonction Durée Signataires Arbitrage
Facture,EURL Virement Quantité Services Mode de paiement Tarif unitaire
Lettre,Convier Quitter Correspondance Référence Demande Pour Cordialement Reconnaissance Désolé Contestation
CV,Réalisations Qualifications PHP Années d'expérience Formation Alternance
CV,Recommandations Objectif Curriculum Vitae PHP Parcours professionnel CDD
Contrat,Contrat producteur artiste Production phonographique Droits Royalties Distribution
Lettre,Attestation Sommation Désolé Référence Remerciements Souhaite Madame Plainte Départ
Facture,EURL Virement Modalités FACTURE TVA applicable coût Quantité Articles Prix unitaire Date limite
Autre,Compte rendu Preuve Post Formulaire Spécifications Mode d'emploi Catalogue Menu Programme
Contrat,Stipulation NDA Préavis Juridiction Honoraires CDD Fonction Brevets
Lettre,"Madame, Monsieur Formule de politesse Référence Avertissement Recommandation Veuillez agréer Candidature Regrets Correspondance"
CV,Parcours professionnel Projet professionnel Doctorat Poste actuel C++ Curriculum vitae Stage
Autre,Publication Prospectus Formulaire Plats Justificatif Rapport
Lettre,À l'attention de Respectueusement Réclamation Regrets Avertissement Monsieur
Facture,SIRET DATE Remboursement Qté DESTINATAIRE
Lettre,"Regrets Cordialement Reconnaissance Contestation Madame, Monsieur Certificat"
Lettre,"Courrier Cordialement Candidature Excuses Recommandation Invitation Plainte Respectueusement Destinataire Madame, Monsieur"
Facture,Chèque Prix unitaire REF Services Mode de paiement Facture numéro QTE somme Échéance EURL
Contrat,Arbitrage Convention Préavis Mission Montant Fait à Période
CV,Aptitudes Années d'expérience Projet professionnel Projets Références
Autre,Carte Prescription Horaires Recette Justificatif
Lettre,Madame Convier Objet Motivation Formule de politesse Contestation Souhaite Cordialement Attestation Excuses
CV,Langues parlées Objectif Développeur Rigueur Expérience de JavaScript
Facture,Chèque Prestations FACTURE Tarif unitaire TVA intracommunautaire Avoir Paiement par EURL TVA
Contrat,Contrat à durée indéterminée Fin Salaire Préavis Lu et approuvé
Contrat,Fonction Contrat à durée indéterminée CONTRAT Durée NDA Responsabilités Arbitrage
Facture,QTE Devis Note de crédit EUR Société hors taxe DATE Prix unitaire
CV,Projets Alternance Études Aptitudes Manager PHP Expérience professionnelle Rigueur Langue maternelle Projet professionnel
CV,Années d'expérience Expériences Dynamique Disponibilité Références
Facture,Qté FACTURE Date d'émission Référence EUR SAS Produits
Autre,Ordonnance Publication Programme Preuve Questionnaire Brochure Cuisine Desserts Compte rendu Relevé
Autre,Fiche technique Recette Calendrier Attestation Entrées Prescription Compte rendu État Brochure Fiche
CV,Esprit d'équipe Diplômes Projets Qualifications Ingénieur Curriculum vitae Langues CDD Objectif
Facture,SIREN Échéance Paiement par Nombre Référence Prestations SARL
Contrat,Délai Clause Employeur Brevets Convention Fin Confidentialité Juridiction Engagements Rémunération
Contrat,Différend Salaire Date Travail Société Préavis Contrat à durée indéterminée
Autre,État Article Prescription Fiche Justificatif Calendrier Rapport Recette Caractéristiques
Autre,Ordonnance Formulaire Manuel Attestation Fiche technique Catalogue
Autre,Programme Rapport Recette Catalogue Post Certificat médical Preuve État Spécifications Instructions
Contrat,Responsabilités Entre Contrat à durée indéterminée Signature Contrat
Autre,Manuel Certificat médical Publication Entrées Cuisine Caractéristiques Programme Formulaire
Contrat,Date Durée Entreprise Rupture Arbitrage Délai
Autre,Manuel Caractéristiques Carte Ingrédients Certificat médical Formulaire Prospectus Horaires
Contrat,Date Signataires CONTRAT Contrat à durée indéterminée Rupture Clause Arbitrage Obligations NDA
Autre,Publication Plats Fiche technique Calendrier Bilan Relevé Ordonnance
Contrat,Article Soussigné Contrat à durée indéterminée Litige Terme Montant Fait à Accord
Contrat,Accord cadre Partenariat Engagement des parties Durée Renouvellement Résiliation
Facture,FACTURE N° SIRET total Règlement Carte bancaire À l'attention de
Lettre,"Contestation Formule de politesse Pour Recommandation Madame, Monsieur Candidature"
Lettre,LETTRE CONFIRMATION Accord Commande Réservation Rendez-vous Modalités Date Heure Détails
Contrat,Montant Poste Échéance Rupture Droits d'auteur
Facture,FACTURE IMPRESSION Nombre exemplaires Format couleur Reliure Livraison Montant HT
Contrat,Parties Terme Salaire Préavis Secret
Autre,Menu restaurant Liste de plats Entrées Plats Desserts Boissons Prix
Lettre,Motivation Avertissement Madame Salutations À l'attention de Référence Démission Désolé Plaisir Formule de politesse
Autre,Post Preuve Programme Cuisine Rapport
Autre,Bulletin Preuve Calendrier Fiche technique Ingrédients Manuel Questionnaire Certificat médical Article
Autre,Catalogue Attestation Formulaire Ordonnance Caractéristiques
Autre,Publication Relevé Ordonnance Catalogue Programme Questionnaire Compte rendu
Lettre,Contestation Postule Attestation Démission Correspondance Mise en demeure Remerciements Salutations Plaisir Objet
Contrat,Contrat professionnalisation Qualification Tutorat Organisme formation Aide employeur
Contrat,Disposition Délai Contrat à durée indéterminée Accord Arbitrage Entre Période Employeur Fait à Droits d'auteur
Facture,TVA intracommunautaire Paiement par Quantité T.V.A Tarif unitaire REF Date d'émission Paiement Carte bancaire prix
Lettre,Départ Cordialement Plaisir Madame Sommation
Contrat,Travail Propriété intellectuelle Article Entre Contrat Obligations
Lettre,Bien à vous Invitation Remerciements Courrier Plainte Attestation
CV,Rigueur Savoir-faire Langues parlées Ingénieur CV Master Objectif
Contrat,Montant Échéance NDA Accord Clause Contrat à durée déterminée Salarié Arbitrage Devoirs Poste
Autre,Desserts Catalogue Calendrier Questionnaire Preuve Manuel Post Fiche technique Bulletin Certificat médical
Facture,Facture N° Prestations N° Prix unitaire Avoir
CV,CURRICULUM VITAE Objectif professionnel Expérience de Rigueur Licence
CV,Qualifications Objectif Licence Langues Alternance Réalisations C++ CV Autonomie
Lettre,Plaisir Plainte Lettre Candidature Monsieur Objet Salutations Respectueusement À l'attention de
Autre,Bilan Instructions État Ingrédients Caractéristiques Carte Prospectus Certificat médical Questionnaire
Facture,Client Total HT Crédit € Nombre FACTURE N° Paiement par EURL
Facture,Entreprise XYZ SARL Facture N°456 Montant dû 750 EUR Paiement par virement bancaire
Lettre,Contestation Respectueusement Reconnaissance Départ Lettre Mise en demeure Souhaite
Contrat,Obligations Période Droits d'auteur Clause Contrat à durée indéterminée Signataires
Autre,Prescription Publication Menu Notice Relevé Programme Justificatif
Contrat,Accord Engagements Litige Échéance Lu et approuvé Salarié
Lettre,Démission Formule de politesse Veuillez agréer Plaisir Sollicite Courrier Mise en demeure Monsieur Désolé Candidature
Contrat,Signature Contrat Délai Propriété intellectuelle NDA Engagements Rupture Fonction Entre Article
Lettre,Candidature Contestation Convier Bien à vous Démission Reconnaissance Sollicite Correspondance À l'attention de
Lettre,Respectueusement Gratitude Recommandation Sollicite À l'attention de Sommation
Contrat,Contrat franchise Enseigne Redevances Territoire exclusif Durée engagement
Autre,Programme Preuve Compte rendu Spécifications Mode d'emploi
Lettre,"Reconnaissance Souhaite Quitter Objet Certificat Regrets Madame, Monsieur"
Contrat,Soussigné Notice Lu et approuvé Confidentialité Terme Propriété intellectuelle Obligations Contrat à durée indéterminée Accord Litige
CV,Contacts Emplois Stage Rigueur CV Compétences Consultant Projets Projet professionnel
CV,ans d'expérience Alternance Études Curriculum vitae Chef de projet Objectif professionnel Savoir-faire Dynamique
CV,CV Designer graphique Portfolio Maîtrise Adobe Creative Suite Expérience en agence
Facture,FACTURE PUBLICITAIRE Campagne marketing Supports publicitaires Période diffusion Montant
Lettre,À l'attention de Contestation Recommandation Référence Lettre Madame Sommation Démission
Autre,Attestation réussite Diplôme Formation Certification Compétences Acquises Validées
Lettre,Lettre de relance Rappel Échéance passée Règlement en attente
Facture,Facture énergie Électricité Gaz Consommation relevé Index Montant TTC Échéance
Autre,Caractéristiques Certificat médical Preuve Questionnaire Recette Menu Bulletin
Facture,Destinataire Date limite TVA Produits Facture N° REF EURO SAS
CV,Objectif Ingénieur Expérience de Disponibilité Qualifications Recommandations Parcours académique Curriculum Vitae Doctorat Expérience professionnelle
Lettre,Cordialement Référence Sollicite Formule de politesse Attestation Excuses Postule Démission
CV,CDI Recommandations Projet professionnel Expérience professionnelle Poste recherché Années d'expérience
Facture,total Échéance Bon de commande HT P.U
CV,Stage CV Consultant ans d'expérience Rigueur Portfolio Poste recherché Langues Aptitudes Recommandations
Lettre,Réclamation Madame Sollicite Référence Cordialement
CV,Poste recherché CV Objectif Expérience de Parcours professionnel
Contrat,Préavis Différend Fait à Contrat à durée déterminée Secret Honoraires Société
CV,Parcours professionnel Années d'expérience Qualifications Objectif Langues Python Curriculum vitae Disponibilité
Lettre,LETTRE DEMISSION Préavis légal Départ Fonction Remerciements Expérience Équipe Souhaits
CV,CV Commercial Vente Négociation Prospection Gestion portefeuille clients Objectifs Résultats
CV,Manager Expériences Curriculum Vitae Autonomie Python Recommandations Ingénieur
Contrat,Contrat à durée déterminée Clause Rupture Société Durée Délai Obligations Fait à Propriété intellectuelle
Lettre,Lettre officielle En-tête Destinataire Formule de politesse Veuillez agréer
Autre,Certificat médical Attestation Mode d'emploi Desserts Formulaire Calendrier État Caractéristiques Cuisine Post
Contrat,Litige Engagements Terme Entre Fait à
CV,CV Photographe Portfolio Style reportage Mariage Événements Matériel Logiciels retouche
Autre,Questionnaire Plats Instructions Attestation Ingrédients Planning
Facture,Société ComptaPlus FACTURE Prestations comptables Période janvier 2024 Montant 1200 EUR
Lettre,LETTRE ACCOMPAGNEMENT Document Dossier Joint Veuillez trouver Pièces Jointes Information
Facture,Facture architecte Plans conception Suivi chantier Pourcentage coût travaux Montant
CV,Objectif Ingénieur CDD Études Références JavaScript
CV,Expérience professionnelle Dynamique Aptitudes Poste recherché Réalisations Stage Ingénieur Langues parlées
Autre,Carte vins Régions Appellations Cépages Millésimes Accords mets Prix Bouteille
Lettre,Invitation Bien à vous Démission Mise en demeure Attestation Gratitude Monsieur Contestation
Facture,Note de crédit Référence Modalités Facture numéro SAS Articles Virement
Lettre,Postule Attestation Courrier Regrets Formule de politesse Objet Monsieur Salutations Quitter Plainte
CV,Data Scientist PhD Machine Learning Deep Learning TensorFlow PyTorch Keras
Facture,Prix unitaire facture EURL Proforma TVA intracommunautaire Client
Lettre,Destinataire Respectueusement Plaisir Madame Plainte Démission Reconnaissance Référence Courrier
Lettre,Madame Attestation Convier Motivation Plainte
Lettre,Départ Souhaite Monsieur À l'attention de Postule
Facture,Avoir Prix unitaire Prix HT Services Qté Paiement par T.V.A
Lettre,Cordialement Réclamation Respectueusement Plaisir Démission Sommation Référence Excuses
Facture,Société Devis Paiement Qté hors taxe
Lettre,Pour Sommation Regrets Souhaite Remerciements Invitation Plainte
CV,Dynamique Python Qualifications Références Diplômes
CV,Consultant Objectif professionnel Compétences Emplois Langues Diplômes Stage Poste actuel Dynamique
Autre,Catalogue Relevé Spécifications Cuisine Notice Menu Fiche Publication Horaires Compte rendu
Autre,Bilan Catalogue Certificat médical Publication Préparation Bulletin
Facture,Prix unitaire Société TVA applicable Produits Paiement Remboursement Nombre Modalités Prix HT Ref
Autre,RELEVE BANCAIRE Compte Période Opérations Débit Crédit Solde Dates Libellés
Lettre,Lettre proposition Collaboration Partenariat Projet Conditions Avantages Étude Proposition
Contrat,Rupture Engagements Fait à Contrat Honoraires Brevets CDD
Lettre,À l'attention de Veuillez agréer Candidature Concerne Respectueusement Courrier Contestation Plaisir Gratitude
CV,Langues ans d'expérience Expériences Poste actuel Projets Consultant Python Projet professionnel Curriculum vitae Études
Lettre,Désolé Invitation Demande Recommandation Objet Gratitude Formule de politesse Mise en demeure Destinataire Démission
CV,Expérience de Curriculum vitae Disponibilité Aptitudes CDD Chef de projet Projets Diplômes Projet professionnel Autonomie
Autre,Post Mode d'emploi Carte Caractéristiques Ordonnance Calendrier Analyse
Lettre,Formule de politesse Concerne Postule Remerciements Avertissement
Contrat,CONTRAT MAINTENANCE Prestataire Client Prestations Interventions SLA Tarifs Durée
Contrat,Employeur Mission Disposition Préavis Secret Responsabilités Contrat Droits d'auteur
CV,Parcours professionnel Poste actuel Python Langues parlées Projet professionnel
Facture,FACTURE Client Société ABC Référence FAC-2024-001 Total HT 2000 Total TTC 2400 Modalités de paiement
Autre,Ordonnance Bilan Planning Ingrédients Brochure Preuve
Autre,Attestation Post Bulletin Manuel Fiche technique Cuisine
Contrat,Responsabilités Soussigné Stipulation Accord NDA Date Employeur Brevets Arbitrage Période
CV,CV Esthéticienne Soins beauté Maquillage Épilation Manucure CAP BP Institut Clientèle
Facture,HT Remboursement TVA applicable Date d'émission Prestations € N° EURL INVOICE
Facture,Facture restauration Repas événement Nombre couverts Menu choisi Boissons Total TTC
Lettre,Invitation Attestation Bien à vous Destinataire Quitter
Contrat,Délai Entre Stipulation Contrat à durée indéterminée Secret Contrat Fait à Résiliation Fonction
CV,Expérience de Python Portfolio Projet professionnel Emplois
CV,Diplômes Chef de projet Esprit d'équipe Portfolio Qualifications
CV,Années d'expérience Langues C++ Poste recherché Alternance Références Formation Expériences
Contrat,Contrat de cession Transfert de droits Propriété Contrepartie financière
Facture,Date EUR À payer avant Avoir SAS Nombre Destinataire hors taxe FACTURE
Contrat,Devoirs Signature Montant Stipulation Entre Non-divulgation Période Notice Juridiction Rupture
Facture,Entreprise taxe Bon de commande EUR Note de crédit Modalités Quantité Date limite Tarif unitaire
Lettre,Destinataire Gratitude Formule de politesse Madame Courrier Avertissement Réclamation
Facture,T.V.A Carte bancaire Total HT Nombre Destinataire FACTURE N°
Facture,Facture de vente Produits livrés Quantité Prix unitaire Remise Total HT Total TTC
Facture,À l'attention de FACTURE N° taxe TVA intracommunautaire Date Numéro
Contrat,Notice NDA Contrat à durée déterminée Engagements Montant Date
CV,JavaScript Disponibilité Projet professionnel ans d'expérience Curriculum vitae Stage
Facture,QTE Total TTC Note de crédit Paiement Prestations DATE euros
Autre,Texte libre Sans structure particulière Paragraphes multiples Sujet varié
Autre,Programme Ordonnance Ingrédients Catalogue Formulaire Analyse
Autre,Relevé Fiche Compte rendu Article Manuel Menu Attestation
Contrat,Fonction Soussigné CDI Obligations Fin Période Secret Article Signature
Autre,Post Instructions Ingrédients Formulaire Certificat médical Justificatif Compte rendu Desserts
CV,CDI Emplois Master Java Expérience de Objectif professionnel Autonomie Langue maternelle Développeur Portfolio
Autre,Calendrier Justificatif Manuel Plats Blog Bilan Formulaire Ordonnance
Contrat,Contrat à durée indéterminée Propriété intellectuelle Accord Soussigné Échéance
Autre,Notice Formulaire Relevé Spécifications Ingrédients Prescription Preuve Analyse Desserts
Facture,Tarif unitaire T.V.A EURL Facture numéro Destinataire QTE Note de crédit somme Devis
Contrat,Fonction Brevets Délai Différend Accord Contrat à durée indéterminée
Autre,Blog Formulaire Prospectus Instructions Desserts Spécifications Calendrier Bulletin Prescription
Contrat,Poste Devoirs Échéance Contrat à durée indéterminée Notice Accord
Lettre,"Avertissement Lettre Motivation Attestation Quitter Madame, Monsieur Formule de politesse"
Autre,PLANNING Horaires Emploi temps Calendrier Activités Cours Réunions Organisation
Lettre,Invitation Candidature Réclamation À l'attention de Excuses Mise en demeure Reconnaissance Bien à vous Recommandation
Lettre,Avertissement Départ Souhaite Plaisir Madame Reconnaissance Concerne Formule de politesse
CV,Projet professionnel Formation Manager CDD Ingénieur ans d'expérience PHP Références Parcours professionnel Projets
Lettre,Courrier Motivation Certificat Formule de politesse Plainte
Contrat,Signature Terme Différend Travail Société Droits d'auteur CDI
CV,CV Professeur Enseignant Pédagogie Programmes scolaires Évaluation élèves Diplômes
CV,Langue maternelle CURRICULUM VITAE Compétences Contacts Projets Manager Alternance Études Doctorat Objectif professionnel
Contrat,Rupture Fonction CONTRAT Brevets Société Responsabilités Signataires
Autre,Préparation Horaires Formulaire Attestation Bilan Brochure Ordonnance État Blog
Lettre,Formule de politesse Souhaite Cordialement Sommation Désolé À l'attention de Plainte Départ Lettre Référence
Facture,Tarif unitaire Facture N° hors taxe Devis Échéance Crédit Articles N° TVA 20%
Facture,Facture mensuelle abonnement Services cloud Hébergement Bande passante Prix forfaitaire
Facture,Prix HT Ref Date FACTURE N° prix euros Bon de commande Modalités
CV,Savoir-faire CDD Contacts Expérience professionnelle Études Python Années d'expérience
Lettre,Lettre annulation Rendez-vous Commande Réservation Motif Regrets Nouvelle Date Report
Facture,EURL Bon de commande Virement € facture HT Prestations
Autre,Liste courses Produits Quantités Magasins Courses Alimentation Besoins Achats
CV,Contacts Emplois Objectif professionnel Études Compétences
Autre,Plats Fiche technique Bulletin Recette Analyse Mode d'emploi Calendrier Justificatif
CV,Expériences Portfolio Savoir-faire Études Curriculum Vitae Contacts Poste recherché Esprit d'équipe Développeur
CV,Ingénieur Emplois Projet professionnel Poste recherché Aptitudes Contacts
Facture,P.U DATE TVA 20% REF Avoir
Lettre,"Lettre Madame, Monsieur Objet Demande Mise en demeure Départ Excuses Formule de politesse Destinataire"
Facture,DATE Note de crédit Carte bancaire euros Quantité Prestations Tarif unitaire Règlement
Lettre,Souhaite Objet Gratitude Invitation Candidature
Lettre,Lettre de démission Préavis Départ de l'entreprise Remerciements
Lettre,Lettre Remerciements Madame Désolé Sommation Candidature Respectueusement Départ
Autre,Programme Entrées Attestation Formulaire Certificat médical Caractéristiques
Contrat,CONTRAT ASSURANCE Police Assuré Garanties Primes Franchise Sinistre Indemnisation
CV,Emplois Bachelor Diplômes Ingénieur Projet professionnel Compétences PHP Expérience de
Contrat,Contrat freelance Mission Tarif journalier Livrables Propriété intellectuelle
CV,Emplois Langues parlées Projets Parcours académique Aptitudes Licence Alternance
Facture,SIREN TVA applicable Note de crédit Carte bancaire Proforma émission
Facture,Prix unitaire Devis FACTURE Avoir Services Mode de paiement Prix HT montant
CV,Savoir-faire Poste actuel Emplois Langue maternelle Objectif Études Recommandations Doctorat Manager Curriculum Vitae
Contrat,Contrat énergie Fournisseur Client Électricité Gaz Tarifs Puissance Durée
Contrat,Notice Employeur Disposition Confidentialité Contrat à durée déterminée
Facture,FACTURE FOURNISSEUR Commande N° Articles référence Montant HT TVA TTC Délai paiement
Lettre,"Madame, Monsieur Destinataire Postule Quitter Certificat Demande Lettre Mise en demeure"
CV,Pharmacien Diplôme Officine Préparations Conseils patients Gestion stock Législation
Contrat,Contrat hébergement web Serveur Bande passante Stockage Disponibilité Prix mensuel
Facture,TVA intracommunautaire Note de crédit Proforma N° Quantité Facture N°
Autre,Notice Preuve Carte Formulaire Publication Bulletin Planning
CV,Stage Objectif professionnel Expérience professionnelle Projets C++
Contrat,CONTRAT BAIL COMMERCIAL Local Loyer Durée 3-6-9 ans Droit renouvellement Charges
